{
    "train": {
        "loss": 0.23807442684968314
    },
    "valid": {
        "loss": 0.22692273060480753,
        "acc": 90.32575988769531,
        "dice": 0.715003252029419
    },
    "step": 6
}
