step	loss
0	0.6806932886441549
1	0.4773585015819186
2	0.34998475511868793
3	0.31116787734485807
4	0.27648747747852687
5	0.24831805839425042
6	0.23807442684968314
