{
    "acc": 89.62621307373047,
    "dice": 0.6315966844558716
}